ID;InvElectrex
1;
2;DC 163
3;DC 203
5;DC 253
6;DC 323
7;DC 403 CELL
8;DC 503 CELL
9;TP 163
10;TP 203
11;TP 253
12;TP 323
13;TP 403
14;TP 503
15;ACDC 203
16;ACDC 323
17;ACDC 403
18;ACDC 503
19;MIG BASIC 303 C
20;MIG BASIC 403 C
21;MIG BASIC 503 C
22;MIG BASIC 303 M
23;MIG BASIC 403 M
27;MIG BASIC 503 M
28;MIG BASIC 303 WM
29;MIG BASIC 403 WM
30;MIG BASIC 503 WM
31;MULTI SYNERGIC 303 C
32;MULTI SYNERGIC 403 C
33;MULTI SYNERGIC 503 C
34;MULTI SYNERGIC 303 M
35;MULTI SYNERGIC 403 M
36;MULTI SYNERGIC 503 M
37;MULTI SYNERGIC 303 WM
38;MULTI SYNERGIC 403 WM
39;MULTI SYNERGIC 503 WM
40;MULTI PULSE 303 C
41;MULTI PULSE 403 C
42;MULTI PULSE 503 C
43;MULTI PULSE 303 M
44;MULTI PULSE 403 M
45;MULTI PULSE 503 M
46;MULTI PULSE 303 WM
47;MULTI PULSE 403 WM
49;MULTI PULSE 503 WM
