ID;MigElectrex
1;
2;LTRONIC MIG 356 C
3;LTRONIC MIG 456 C
4;LTRONIC MIG 556 C
5;LTRONIC MIG 356 M
6;LTRONIC MIG 456 M
8;LTRONIC MIG 556 M
9;LTRONIC MIG 456 WM
10;LTRONIC MIG 556 WM
11;SYNERGIC II MIG 256 C
12;SYNERGIC II MIG 406 C
13;SYNERGIC II MIG 406 M
14;SYNERGIC II MIG 506 M
15;SYNERGIC II MIG 406 WM
16;SYNERGIC II MIG 506 WM
17;DIGIT II MONOMIG 176 C
18;DIGIT II MONOMIG 256 C
19;DIGIT II MIG 256 C
20;DIGIT II MIG 296 C
21;DIGIT II MIG 306 C
22;DIGIT II MIG 356 C
23;DIGIT II MIG 406 C
24;DIGIT II MIG 306 M
25;DIGIT II MIG 356 M
26;DIGIT II MIG 406 M
27;DIGIT II MIG 506 M
28;DIGIT II MIG 356 WM
29;DIGIT II MIG 406 WM
30;DIGIT II MIG 506 WM
31;DIGIT II MIG 656 WM
